wage_decile,mass,employment,mean_wage,median_wage,payroll,ppg_all,auto_limited,auto_modest,auto_broad,aug_limited,aug_modest,aug_broad,payroll_share,wage_relative_to_mean,ppg,ai_automation_share,augmentation_ppg_nonautomated
1,0.10000000000000002,14188436.000000002,33545.69776682927,31819.558140164285,475960985840.00006,0.06843968230379054,0.02936438614311972,0.11292744043533749,0.4560131517318285,0.058645319663703295,0.04805693632237783,0.004033893031074605,0.04885704301575069,0.4885704301575068,0.06843968230379054,0.11292744043533749,0.04805693632237783
2,0.09999999999999999,14188435.999999998,37198.28731510647,35468.72413985587,527785518879.99994,0.07913958969967747,0.024970700128191622,0.1167212937042866,0.45182634010840583,0.07396503321523216,0.051936231698852406,0.003195427672818511,0.054176792985462754,0.5417679298546276,0.07913958969967747,0.1167212937042866,0.051936231698852406
3,0.09999999999999998,14188435.999999996,41134.18349985863,38314.89609848471,583629730000.0,0.10453995198994226,0.03085030044906652,0.17178196145608896,0.42232670438799397,0.10086471829171664,0.0640898899325859,0.017370682886397197,0.059909159935781844,0.5990915993578185,0.10453995198994226,0.17178196145608896,0.0640898899325859
4,0.10000000000000005,14188436.000000007,45734.28241985232,43337.66624312925,648897939120.0001,0.22104210255374326,0.009654913353100722,0.45180236083711317,0.7984903247709688,0.21946332456038378,0.15270761006561817,0.023508618984112564,0.06660889330764441,0.6660889330764438,0.22104210255374326,0.45180236083711317,0.15270761006561817
5,0.09999999999999998,14188435.999999996,50778.74038829931,47444.61752514513,720470908159.9998,0.18719244771870064,0.031227458138216202,0.3127428425782084,0.6489433240469515,0.18306455913676062,0.13072159177398848,0.02815288764486131,0.07395580562017534,0.7395580562017535,0.18719244771870064,0.3127428425782084,0.13072159177398848
6,0.09999999999999999,14188435.999999998,60938.25345231849,56294.75334702147,864618509059.9998,0.14567558258569674,0.01156323967243635,0.20714249038562552,0.5761439480275341,0.14391892067381593,0.10249282968834152,0.014376557288304656,0.08875245019254377,0.8875245019254377,0.14567558258569674,0.20714249038562552,0.10249282968834152
7,0.09999999999999996,14188435.999999994,72301.07800042223,64214.368543509656,1025839217939.9984,0.19191780316168905,0.027160857925330496,0.23640320011963353,0.711478017013139,0.1866269194842966,0.15890493740978326,0.028197977913074393,0.10530163666604977,1.0530163666604981,0.19191780316168905,0.23640320011963353,0.15890493740978326
8,0.10000000000000007,14188436.000000011,84895.44614642509,76623.62851550376,1204533604340.0,0.24430565597802092,0.01993546578642736,0.3645656527943786,0.8856548276192381,0.24134578855927596,0.20961470066412538,0.02479589363551087,0.12364448320757893,1.2364448320757884,0.24430565597802092,0.3645656527943786,0.20961470066412538
9,0.09999999999999998,14188435.999999996,110470.56258632036,97657.69349489971,1567404507140.0005,0.22762927123782745,0.0041390516672016224,0.2666601398422064,0.8276691512780752,0.22718149785660122,0.19623398163607556,0.03986445850350197,0.16089291287871096,1.60892912878711,0.22762927123782745,0.2666601398422064,0.19623398163607556
10,0.09999999999999998,14188435.999999996,149612.72056483163,134162.33807588072,2122770510519.9968,0.25795751962467267,0.0020297310452551563,0.30604343931762273,0.9152634212208529,0.25772472361564264,0.2261406739773249,0.027305865352900333,0.21790082219030166,2.179008221903017,0.25795751962467267,0.30604343931762273,0.2261406739773249
